{
  "project_info": {
    "project_number": "685829904647",
    "project_id": "netresultnotificationproject",
    "storage_bucket": "netresultnotificationproject.appspot.com"
  },
  "client": [
    {
      "client_info": {
        "mobilesdk_app_id": "1:685829904647:android:6284e162d99cbc1ab8cda2",
        "android_client_info": {
          "package_name": "com.example.notificationnetresult"
        }
      },
      "oauth_client": [
        {
          "client_id": "685829904647-b6k3kui5pas6urb3cr99cusrbhvf25td.apps.googleusercontent.com",
          "client_type": 1,
          "android_info": {
            "package_name": "com.example.notificationnetresult",
            "certificate_hash": "ab7b92651bdc0adbdb3bc25b50e188645cd3bd04"
          }
        },
        {
          "client_id": "685829904647-um8uac6jsn7ivaoutkudddgv8g15jf0j.apps.googleusercontent.com",
          "client_type": 3
        }
      ],
      "api_key": [
        {
          "current_key": "AIzaSyAc0zYM3R_4efcm4JqGck0wBgN2k0Z2ptQ"
        }
      ],
      "services": {
        "appinvite_service": {
          "other_platform_oauth_client": [
            {
              "client_id": "685829904647-um8uac6jsn7ivaoutkudddgv8g15jf0j.apps.googleusercontent.com",
              "client_type": 3
            }
          ]
        }
      }
    }
  ],
  "configuration_version": "1"
}